ID,USD,EUR,JPY,GBP,CAD,CHF,INR,SGD,CNY,HKD,KRW,BRL,PHP,MXN,XAU,XAG,XPD,XPT,XBT,ETH,LTC,RVN,XBC,FCT,BNB,XLM,ADA,XMR,DASH,ZEC,DCR
0,1.0000,1.1119,0.0094,1.2234,0.7517,1.0221,0.0138,0.7203,0.1399,0.1274,0.0008,0.2421,0.0190,0.0502,1533.7423,17.6800,1480.9987,862.4630,10364.7762,189.5465,73.9402,0.0360,309.2475,4.0358,26.3557,0.0696,0.0490,81.4594,92.1502,51.2641,24.5629
1,1.0000,1.1119,0.0094,1.2234,0.7517,1.0221,0.0138,0.7203,0.1399,0.1274,0.0008,0.2421,0.0190,0.0502,1533.7423,17.6800,1480.9987,862.4630,10357.9110,189.5465,73.9402,0.0360,309.2475,4.0358,26.3557,0.0696,0.0490,81.4594,92.1502,51.2641,24.5629
2,1.0000,1.1119,0.0094,1.2234,0.7517,1.0221,0.0138,0.7203,0.1399,0.1274,0.0008,0.2421,0.0190,0.0502,1533.7423,17.6800,1480.9987,862.4630,10364.7762,189.5465,73.9402,0.0360,309.2475,4.0358,26.3557,0.0696,0.0490,81.4594,92.1502,51.2641,24.5629
3,1.0000,1.1119,0.0094,1.2234,0.7517,1.0221,0.0138,0.7203,0.1399,0.1274,0.0008,0.2421,0.0190,0.0502,1533.7423,17.6800,1480.9987,862.4630,10357.9110,189.5465,73.9402,0.0360,309.2475,4.0358,26.3557,0.0696,0.0490,81.4594,92.1502,51.2641,24.5629
4,1.0000,1.1119,0.0094,1.2234,0.7517,1.0221,0.0138,0.7203,0.1399,0.1274,0.0008,0.2421,0.0190,0.0502,1533.7423,17.6800,1480.9987,862.4630,10364.7762,189.5465,73.9402,0.0360,309.2475,4.0358,26.3557,0.0696,0.0490,81.4594,92.1502,51.2641,24.5629
5,1.0000,1.1119,0.0094,1.2234,0.7517,1.0221,0.0138,0.7203,0.1399,0.1274,0.0008,0.2421,0.0190,0.0502,1533.7423,17.6800,1480.9987,862.4630,10357.9110,189.5465,73.9402,0.0360,309.2475,4.0358,26.3557,0.0696,0.0490,81.4594,92.1502,51.2641,24.5629
6,1.0000,1.1119,0.0094,1.2234,0.7517,1.0221,0.0138,0.7203,0.1399,0.1274,0.0008,0.2421,0.0190,0.0502,1533.7423,17.6800,1480.9987,862.4630,10364.7762,189.5465,73.9402,0.0360,309.2475,4.0358,26.3557,0.0696,0.0490,81.4594,92.1502,51.2641,24.5629
7,1.0000,1.1119,0.0094,1.2234,0.7517,1.0221,0.0138,0.7203,0.1399,0.1274,0.0008,0.2421,0.0190,0.0502,1533.7423,17.6800,1480.9987,862.4630,10357.9110,189.5465,73.9402,0.0360,309.2475,4.0358,26.3557,0.0696,0.0490,81.4594,92.1502,51.2641,24.5629
8,1.0000,1.1119,0.0094,1.2234,0.7517,1.0221,0.0138,0.7203,0.1399,0.1274,0.0008,0.2421,0.0190,0.0502,1533.7423,17.6800,1480.9987,862.4630,10357.9110,189.5465,73.9402,0.0360,309.2475,4.0358,26.3557,0.0696,0.0490,81.4594,92.1502,51.2641,24.5629
9,1.0000,1.1119,0.0094,1.2234,0.7517,1.0221,0.0138,0.7203,0.1399,0.1274,0.0008,0.2421,0.0190,0.0502,1533.7423,17.6800,1480.9987,862.4630,10364.7762,189.5465,73.9402,0.0360,309.2475,4.0358,26.3557,0.0696,0.0490,81.4594,92.1502,51.2641,24.5629
10,1.0000,1.1119,0.0094,1.2234,0.7517,1.0221,0.0138,0.7203,0.1399,0.1274,0.0008,0.2421,0.0190,0.0502,1533.7423,17.6800,1480.9987,862.4630,10364.7762,189.5465,73.9402,0.0360,309.2475,4.0358,26.3557,0.0696,0.0490,81.4594,92.1502,51.2641,24.5629
11,1.0000,1.1119,0.0094,1.2234,0.7517,1.0221,0.0138,0.7203,0.1399,0.1274,0.0008,0.2421,0.0190,0.0502,1533.7423,17.6800,1480.9987,862.4630,10364.7762,189.5465,73.9402,0.0360,309.2475,4.0358,26.3557,0.0696,0.0490,81.4594,92.1502,51.2641,24.5629
12,1.0000,1.1119,0.0094,1.2234,0.7516,1.0222,0.0138,0.7202,0.1399,0.1274,0.0008,0.2420,0.0190,0.0502,1533.7423,17.6900,1480.9987,862.4630,10364.7762,189.5465,73.9402,0.0360,309.2475,4.0358,26.3557,0.0696,0.0490,81.4594,92.1502,51.2641,24.5629
13,1.0000,1.1119,0.0094,1.2234,0.7517,1.0221,0.0138,0.7203,0.1399,0.1274,0.0008,0.2421,0.0190,0.0502,1533.7423,17.6800,1480.9987,862.4630,10364.7762,189.5465,73.9402,0.0360,309.2475,4.0358,26.3557,0.0696,0.0490,81.4594,92.1502,51.2641,24.5629
14,1.0000,1.1119,0.0094,1.2234,0.7517,1.0221,0.0138,0.7203,0.1399,0.1274,0.0008,0.2421,0.0190,0.0502,1533.7423,17.6800,1480.9987,862.4630,10364.7762,189.5465,73.9402,0.0360,309.2475,4.0358,26.3557,0.0696,0.0490,81.4594,92.1502,51.2641,24.5629
15,1.0000,1.1119,0.0094,1.2234,0.7517,1.0221,0.0138,0.7203,0.1399,0.1274,0.0008,0.2421,0.0190,0.0502,1533.7423,17.6800,1480.9987,862.4630,10364.7762,189.5465,73.9402,0.0360,309.2475,4.0358,26.3557,0.0696,0.0490,81.4594,92.1502,51.2641,24.5629
16,1.0000,1.1119,0.0094,1.2234,0.7517,1.0221,0.0138,0.7203,0.1399,0.1274,0.0008,0.2421,0.0190,0.0502,1533.7423,17.6800,1480.9987,862.4630,10364.7762,189.5465,73.9402,0.0360,309.2475,4.0358,26.3557,0.0696,0.0490,81.4594,92.1502,51.2641,24.5629
17,1.0000,1.1119,0.0094,1.2234,0.7517,1.0221,0.0138,0.7203,0.1399,0.1274,0.0008,0.2421,0.0190,0.0502,1533.7423,17.6800,1480.9987,862.4630,10364.7762,189.5465,73.9402,0.0360,309.2475,4.0358,26.3557,0.0696,0.0490,81.4594,92.1502,51.2641,24.5629
18,1.0000,1.1119,0.0094,1.2234,0.7517,1.0221,0.0138,0.7203,0.1399,0.1274,0.0008,0.2421,0.0190,0.0502,1533.7423,17.6800,1480.9987,862.4630,10364.7762,189.5465,73.9402,0.0360,309.2475,4.0358,26.3557,0.0696,0.0490,81.4594,92.1502,51.2641,24.5629
19,1.0000,1.1119,0.0094,1.2234,0.7517,1.0221,0.0138,0.7203,0.1399,0.1274,0.0008,0.2421,0.0190,0.0502,1533.7423,17.6800,1480.9987,862.4630,10364.7762,189.5465,73.9402,0.0360,309.2475,4.0358,26.3557,0.0696,0.0490,81.4594,92.1502,51.2641,24.5629
20,1.0000,1.1119,0.0094,1.2234,0.7516,1.0222,0.0138,0.7202,0.1399,0.1274,0.0008,0.2420,0.0190,0.0502,1533.7423,17.6900,1480.9987,862.4630,10364.7762,189.5465,73.9402,0.0360,309.2475,4.0358,26.3557,0.0696,0.0490,81.4594,92.1502,51.2641,24.5629
21,1.0000,1.1119,0.0094,1.2234,0.7517,1.0221,0.0138,0.7203,0.1399,0.1274,0.0008,0.2421,0.0190,0.0502,1533.7423,17.6800,1480.9987,862.4630,10364.7762,189.5465,73.9402,0.0360,309.2475,4.0358,26.3557,0.0696,0.0490,81.4594,92.1502,51.2641,24.5629
22,1.0000,1.1119,0.0094,1.2234,0.7517,1.0221,0.0138,0.7203,0.1399,0.1274,0.0008,0.2421,0.0190,0.0502,1533.7423,17.6800,1480.9987,862.4630,10364.7762,189.5465,73.9402,0.0360,309.2475,4.0358,26.3557,0.0696,0.0490,81.4594,92.1502,51.2641,24.5629
23,1.0000,1.1119,0.0094,1.2234,0.7517,1.0221,0.0138,0.7203,0.1399,0.1274,0.0008,0.2421,0.0190,0.0502,1533.7423,17.6800,1480.9987,862.4630,10364.7762,189.5465,73.9402,0.0360,309.2475,4.0358,26.3557,0.0696,0.0490,81.4594,92.1502,51.2641,24.5629
24,1.0000,1.1119,0.0094,1.2234,0.7517,1.0221,0.0138,0.7203,0.1399,0.1274,0.0008,0.2421,0.0190,0.0502,1533.7423,17.6800,1480.9987,862.4630,10364.7762,189.5465,73.9402,0.0360,309.2475,4.0358,26.3557,0.0696,0.0490,81.4594,92.1502,51.2641,24.5629
25,1.0000,1.1119,0.0094,1.2234,0.7517,1.0221,0.0138,0.7203,0.1399,0.1274,0.0008,0.2421,0.0190,0.0502,1533.7423,17.6800,1480.9987,862.4630,10364.7762,189.5465,73.9402,0.0360,309.2475,4.0358,26.3557,0.0696,0.0490,81.4594,92.1502,51.2641,24.5629
26,1.0000,1.1119,0.0094,1.2234,0.7517,1.0221,0.0138,0.7203,0.1399,0.1274,0.0008,0.2421,0.0190,0.0502,1533.7423,17.6800,1480.9987,862.4630,10364.7762,189.5465,73.9402,0.0360,309.2475,4.0358,26.3557,0.0696,0.0490,81.4594,92.1502,51.2641,24.5629
27,1.0000,1.1119,0.0094,1.2234,0.7517,1.0221,0.0138,0.7203,0.1399,0.1274,0.0008,0.2421,0.0190,0.0502,1533.7423,17.6800,1480.9987,862.4630,10364.7762,189.5465,73.9402,0.0360,309.2475,4.0358,26.3557,0.0696,0.0490,81.4594,92.1502,51.2641,24.5629
28,1.0000,1.1119,0.0094,1.2234,0.7517,1.0221,0.0138,0.7203,0.1399,0.1274,0.0008,0.2421,0.0190,0.0502,1533.7423,17.6800,1480.9987,862.4630,10364.7762,189.5465,73.9402,0.0360,309.2475,4.0358,26.3557,0.0696,0.0490,81.4594,92.1502,51.2641,24.5629
29,1.0000,1.1119,0.0094,1.2234,0.7517,1.0221,0.0138,0.7203,0.1399,0.1274,0.0008,0.2421,0.0190,0.0502,1533.7423,17.6800,1480.9987,862.4630,10364.7762,189.5465,73.9402,0.0360,309.2475,4.0358,26.3557,0.0696,0.0490,81.4594,92.1502,51.2641,24.5629
30,1.0000,1.1119,0.0094,1.2234,0.7517,1.0221,0.0138,0.7203,0.1399,0.1274,0.0008,0.2421,0.0190,0.0502,1533.7423,17.6800,1480.9987,862.4630,10364.7762,189.5465,73.9402,0.0360,309.2475,4.0358,26.3557,0.0696,0.0490,81.4594,92.1502,51.2641,24.5629
31,1.0000,1.1119,0.0094,1.2234,0.7517,1.0221,0.0138,0.7203,0.1399,0.1274,0.0008,0.2421,0.0190,0.0502,1533.7423,17.6800,1480.9987,862.4630,10364.7762,189.5465,73.9402,0.0360,309.2475,4.0358,26.3557,0.0696,0.0490,81.4594,92.1502,51.2641,24.5629
32,1.0000,1.1119,0.0094,1.2234,0.7517,1.0221,0.0138,0.7203,0.1399,0.1274,0.0008,0.2421,0.0190,0.0502,1533.7423,17.6800,1480.9987,862.4630,10364.7762,189.5465,73.9402,0.0360,309.2475,4.0358,26.3557,0.0696,0.0490,81.4594,92.1502,51.2641,24.5629
33,1.0000,1.1119,0.0094,1.2234,0.7517,1.0221,0.0138,0.7203,0.1399,0.1274,0.0008,0.2421,0.0190,0.0502,1533.7423,17.6800,1480.9987,862.4630,10364.7762,189.5465,73.9402,0.0360,309.2475,4.0358,26.3557,0.0696,0.0490,81.4594,92.1502,51.2641,24.5629
34,1.0000,1.1119,0.0094,1.2234,0.7517,1.0221,0.0138,0.7203,0.1399,0.1274,0.0008,0.2421,0.0190,0.0502,1533.7423,17.6800,1480.9987,862.4630,10364.7762,189.5465,73.9402,0.0360,309.2475,4.0358,26.3557,0.0696,0.0490,81.4594,92.1502,51.2641,24.5629
35,1.0000,1.1119,0.0094,1.2234,0.7517,1.0221,0.0138,0.7203,0.1399,0.1274,0.0008,0.2421,0.0190,0.0502,1533.7423,17.6800,1480.9987,862.4630,10364.7762,189.5465,73.9402,0.0360,309.2475,4.0358,26.3557,0.0696,0.0490,81.4594,92.1502,51.2641,24.5629
36,1.0000,1.1119,0.0094,1.2234,0.7517,1.0221,0.0138,0.7203,0.1399,0.1274,0.0008,0.2421,0.0190,0.0502,1533.7423,17.6800,1480.9987,862.4630,10364.7762,189.5465,73.9402,0.0360,309.2475,4.0358,26.3557,0.0696,0.0490,81.4594,92.1502,51.2641,24.5629
37,1.0000,1.1119,0.0094,1.2234,0.7517,1.0221,0.0138,0.7203,0.1399,0.1274,0.0008,0.2421,0.0190,0.0502,1533.7423,17.6800,1480.9987,862.4630,10364.7762,189.5465,73.9402,0.0360,309.2475,4.0358,26.3557,0.0696,0.0490,81.4594,92.1502,51.2641,24.5629
38,1.0000,1.1119,0.0094,1.2234,0.7517,1.0221,0.0138,0.7203,0.1399,0.1274,0.0008,0.2421,0.0190,0.0502,1533.7423,17.6800,1480.9987,862.4630,10364.7762,189.5465,73.9402,0.0360,309.2475,4.0358,26.3557,0.0696,0.0490,81.4594,92.1502,51.2641,24.5629
39,1.0000,1.1119,0.0094,1.2234,0.7517,1.0221,0.0138,0.7203,0.1399,0.1274,0.0008,0.2421,0.0190,0.0502,1533.7423,17.6800,1480.9987,862.4630,10364.7762,189.5465,73.9402,0.0360,309.2475,4.0358,26.3557,0.0696,0.0490,81.4594,92.1502,51.2641,24.5629
40,1.0000,1.1119,0.0094,1.2234,0.7517,1.0221,0.0138,0.7203,0.1399,0.1274,0.0008,0.2421,0.0190,0.0502,1533.7423,17.6800,1480.9987,862.4630,10364.7762,189.5465,73.9402,0.0360,309.2475,4.0358,26.3557,0.0696,0.0490,81.4594,92.1502,51.2641,24.5629
41,1.0000,1.1119,0.0094,1.2234,0.7517,1.0221,0.0138,0.7203,0.1399,0.1274,0.0008,0.2421,0.0190,0.0502,1533.7423,17.6800,1480.9987,862.4630,10364.7762,189.5465,73.9402,0.0360,309.2475,4.0358,26.3557,0.0696,0.0490,81.4594,92.1502,51.2641,24.5629
42,1.0000,1.1119,0.0094,1.2234,0.7517,1.0221,0.0138,0.7203,0.1399,0.1274,0.0008,0.2421,0.0190,0.0502,1533.7423,17.6800,1480.9987,862.4630,10364.7762,189.5465,73.9402,0.0360,309.2475,4.0358,26.3557,0.0696,0.0490,81.4594,92.1502,51.2641,24.5629
43,1.0000,1.1119,0.0094,1.2234,0.7517,1.0221,0.0138,0.7203,0.1399,0.1274,0.0008,0.2421,0.0190,0.0502,1533.7423,17.6800,1480.9987,862.4630,10364.7762,189.5465,73.9402,0.0360,309.2475,4.0358,26.3557,0.0696,0.0490,81.4594,92.1502,51.2641,24.5629
44,1.0000,1.1119,0.0094,1.2234,0.7517,1.0221,0.0138,0.7203,0.1399,0.1274,0.0008,0.2421,0.0190,0.0502,1533.7423,17.6800,1480.9987,862.4630,10364.7762,189.5465,73.9402,0.0360,309.2475,4.0358,26.3557,0.0696,0.0490,81.4594,92.1502,51.2641,24.5629
45,1.0000,1.1119,0.0094,1.2234,0.7517,1.0221,0.0138,0.7203,0.1399,0.1274,0.0008,0.2421,0.0190,0.0502,1533.7423,17.6800,1480.9987,862.4630,10364.7762,189.5465,73.9402,0.0360,309.2475,4.0358,26.3557,0.0696,0.0490,81.4594,92.1502,51.2641,24.5629
46,1.0000,1.1119,0.0094,1.2234,0.7517,1.0221,0.0138,0.7203,0.1399,0.1274,0.0008,0.2421,0.0190,0.0502,1533.7423,17.6800,1480.9987,862.4630,10364.7762,189.5465,73.9402,0.0360,309.2475,4.0358,26.3557,0.0696,0.0490,81.4594,92.1502,51.2641,24.5629
47,1.0000,1.1119,0.0094,1.2234,0.7517,1.0221,0.0138,0.7203,0.1399,0.1274,0.0008,0.2421,0.0190,0.0502,1533.7423,17.6800,1480.9987,862.4630,10364.7762,189.5465,73.9402,0.0360,309.2475,4.0358,26.3557,0.0696,0.0490,81.4594,92.1502,51.2641,24.5629
48,1.0000,1.1119,0.0094,1.2234,0.7517,1.0221,0.0138,0.7203,0.1399,0.1274,0.0008,0.2421,0.0190,0.0502,1533.7423,17.6800,1480.9987,862.4630,10364.7762,189.5465,73.9402,0.0360,309.2475,4.0358,26.3557,0.0696,0.0490,81.4594,92.1502,51.2641,24.5629
49,1.0000,1.1119,0.0094,1.2234,0.7517,1.0221,0.0138,0.7203,0.1399,0.1274,0.0008,0.2421,0.0190,0.0502,1533.7423,17.6800,1480.9987,862.4630,10364.7762,189.5465,73.9402,0.0360,309.2475,4.0358,26.3557,0.0696,0.0490,81.4594,92.1502,51.2641,24.5629
50,1.0000,1.1119,0.0094,1.2234,0.7517,1.0221,0.0138,0.7203,0.1399,0.1274,0.0008,0.2421,0.0190,0.0502,1533.7423,17.6800,1480.9987,862.4630,10364.7762,189.5465,73.9402,0.0360,309.2475,4.0358,26.3557,0.0696,0.0490,81.4594,92.1502,51.2641,24.5629
51,1.0000,1.1119,0.0094,1.2234,0.7517,1.0221,0.0138,0.7203,0.1399,0.1274,0.0008,0.2421,0.0190,0.0502,1533.7423,17.6800,1480.9987,862.4630,10364.7762,189.5465,73.9402,0.0360,309.2475,4.0358,26.3557,0.0696,0.0490,81.4594,92.1502,51.2641,24.5629
52,1.0000,1.1119,0.0094,1.2234,0.7517,1.0221,0.0138,0.7203,0.1399,0.1274,0.0008,0.2421,0.0190,0.0502,1533.7423,17.6800,1480.9987,862.4630,10364.7762,189.5465,73.9402,0.0360,309.2475,4.0358,26.3557,0.0696,0.0490,81.4594,92.1502,51.2641,24.5629
53,1.0000,1.1119,0.0094,1.2234,0.7517,1.0221,0.0138,0.7203,0.1399,0.1274,0.0008,0.2421,0.0190,0.0502,1533.7423,17.6800,1480.9987,862.4630,10364.7762,189.5465,73.9402,0.0360,309.2475,4.0358,26.3557,0.0696,0.0490,81.4594,92.1502,51.2641,24.5629
54,1.0000,1.1119,0.0094,1.2234,0.7517,1.0221,0.0138,0.7203,0.1399,0.1274,0.0008,0.2421,0.0190,0.0502,1533.7423,17.6800,1480.9987,862.4630,10364.7762,189.5465,73.9402,0.0360,309.2475,4.0358,26.3557,0.0696,0.0490,81.4594,92.1502,51.2641,24.5629
55,1.0000,1.1119,0.0094,1.2234,0.7516,1.0222,0.0138,0.7202,0.1399,0.1274,0.0008,0.2420,0.0190,0.0502,1533.7423,17.6900,1480.9987,862.4630,10364.7762,189.5465,73.9402,0.0360,309.2475,4.0358,26.3557,0.0696,0.0490,81.4594,92.1502,51.2641,24.5629
56,1.0000,1.1119,0.0094,1.2234,0.7517,1.0221,0.0138,0.7203,0.1399,0.1274,0.0008,0.2421,0.0190,0.0502,1533.7423,17.6800,1480.9987,862.4630,10364.7762,189.5465,73.9402,0.0360,309.2475,4.0358,26.3557,0.0696,0.0490,81.4594,92.1502,51.2641,24.5629
57,1.0000,1.1119,0.0094,1.2234,0.7517,1.0221,0.0138,0.7203,0.1399,0.1274,0.0008,0.2421,0.0190,0.0502,1533.7423,17.6800,1480.9987,862.4630,10364.7762,189.5465,73.9402,0.0360,309.2475,4.0358,26.3557,0.0696,0.0490,81.4594,92.1502,51.2641,24.5629
58,1.0000,1.1119,0.0094,1.2234,0.7517,1.0221,0.0138,0.7203,0.1399,0.1274,0.0008,0.2421,0.0190,0.0502,1533.7423,17.6800,1480.9987,862.4630,10364.7762,189.5465,73.9402,0.0360,309.2475,4.0358,26.3557,0.0696,0.0490,81.4594,92.1502,51.2641,24.5629
59,1.0000,1.1119,0.0094,1.2234,0.7517,1.0221,0.0138,0.7203,0.1399,0.1274,0.0008,0.2421,0.0190,0.0502,1533.7423,17.6800,1480.9987,862.4630,10364.7762,189.5465,73.9402,0.0360,309.2475,4.0358,26.3557,0.0696,0.0490,81.4594,92.1502,51.2641,24.5629
60,1.0000,1.1118,0.0094,1.2232,0.7516,1.0222,0.0138,0.7202,0.1399,0.1274,0.0008,0.2420,0.0190,0.0502,1530.8075,17.6389,1479.2680,856.9641,10364.7762,189.5480,73.9402,0.0360,309.1411,4.0366,26.3613,0.0696,0.0490,81.4168,92.1289,51.3211,24.5658
61,1.0000,1.1119,0.0094,1.2234,0.7517,1.0221,0.0138,0.7203,0.1399,0.1274,0.0008,0.2421,0.0190,0.0502,1533.7423,17.6800,1480.9987,862.4630,10364.7762,189.5465,73.9402,0.0360,309.2475,4.0358,26.3557,0.0696,0.0490,81.4594,92.1502,51.2641,24.5629
62,1.0000,1.1119,0.0094,1.2234,0.7517,1.0221,0.0138,0.7203,0.1399,0.1274,0.0008,0.2421,0.0190,0.0502,1533.7423,17.6800,1480.9987,862.4630,10364.7762,189.5465,73.9402,0.0360,309.2475,4.0358,26.3557,0.0696,0.0490,81.4594,92.1502,51.2641,24.5629
63,1.0000,1.1119,0.0094,1.2234,0.7517,1.0221,0.0138,0.7203,0.1399,0.1274,0.0008,0.2421,0.0190,0.0502,1533.7423,17.6800,1480.9987,862.4630,10364.7762,189.5465,73.9402,0.0360,309.2475,4.0358,26.3557,0.0696,0.0490,81.4594,92.1502,51.2641,24.5629
64,1.0000,1.1119,0.0094,1.2234,0.7517,1.0221,0.0138,0.7203,0.1399,0.1274,0.0008,0.2421,0.0190,0.0502,1533.7423,17.6800,1480.9987,862.4630,10364.7762,189.5465,73.9402,0.0360,309.2475,4.0358,26.3557,0.0696,0.0490,81.4594,92.1502,51.2641,24.5629
65,1.0000,1.1119,0.0094,1.2234,0.7517,1.0221,0.0138,0.7203,0.1399,0.1274,0.0008,0.2421,0.0190,0.0502,1533.7423,17.6800,1480.9987,862.4630,10364.7762,189.5465,73.9402,0.0360,309.2475,4.0358,26.3557,0.0696,0.0490,81.4594,92.1502,51.2641,24.5629
66,1.0000,1.1119,0.0094,1.2234,0.7517,1.0221,0.0138,0.7203,0.1399,0.1274,0.0008,0.2421,0.0190,0.0502,1533.7423,17.6800,1480.9987,862.4630,10364.7762,189.5465,73.9402,0.0360,309.2475,4.0358,26.3557,0.0696,0.0490,81.4594,92.1502,51.2641,24.5629
67,1.0000,1.1119,0.0094,1.2234,0.7517,1.0221,0.0138,0.7203,0.1399,0.1274,0.0008,0.2421,0.0190,0.0502,1533.7423,17.6800,1480.9987,862.4630,10364.7762,189.5465,73.9402,0.0360,309.2475,4.0358,26.3557,0.0696,0.0490,81.4594,92.1502,51.2641,24.5629
68,1.0000,1.1119,0.0094,1.2234,0.7517,1.0221,0.0138,0.7203,0.1399,0.1274,0.0008,0.2421,0.0190,0.0502,1533.7423,17.6800,1480.9987,862.4630,10364.7762,189.5465,73.9402,0.0360,309.2475,4.0358,26.3557,0.0696,0.0490,81.4594,92.1502,51.2641,24.5629
69,1.0000,1.1119,0.0094,1.2234,0.7517,1.0221,0.0138,0.7203,0.1399,0.1274,0.0008,0.2421,0.0190,0.0502,1533.7423,17.6800,1480.9987,862.4630,10364.7762,189.5465,73.9402,0.0360,309.2475,4.0358,26.3557,0.0696,0.0490,81.4594,92.1502,51.2641,24.5629
70,1.0000,1.1119,0.0094,1.2234,0.7517,1.0221,0.0138,0.7203,0.1399,0.1274,0.0008,0.2421,0.0190,0.0502,1533.7423,17.6800,1480.9987,862.4630,10364.7762,189.5465,73.9402,0.0360,309.2475,4.0358,26.3557,0.0696,0.0490,81.4594,92.1502,51.2641,24.5629
71,1.0000,1.1119,0.0094,1.2234,0.7517,1.0221,0.0138,0.7203,0.1399,0.1274,0.0008,0.2421,0.0190,0.0502,1533.7423,17.6800,1480.9987,862.4630,10364.7762,189.5465,73.9402,0.0360,309.2475,4.0358,26.3557,0.0696,0.0490,81.4594,92.1502,51.2641,24.5629
72,1.0000,1.1119,0.0094,1.2234,0.7517,1.0221,0.0138,0.7203,0.1399,0.1274,0.0008,0.2421,0.0190,0.0502,1533.7423,17.6800,1480.9987,862.4630,10364.7762,189.5465,73.9402,0.0360,309.2475,4.0358,26.3557,0.0696,0.0490,81.4594,92.1502,51.2641,24.5629
73,1.0000,1.1119,0.0094,1.2234,0.7517,1.0221,0.0138,0.7203,0.1399,0.1274,0.0008,0.2421,0.0190,0.0502,1533.7423,17.6800,1480.9987,862.4630,10364.7762,189.5465,73.9402,0.0360,309.2475,4.0358,26.3557,0.0696,0.0490,81.4594,92.1502,51.2641,24.5629
74,1.0000,1.1119,0.0094,1.2234,0.7517,1.0221,0.0138,0.7203,0.1399,0.1274,0.0008,0.2421,0.0190,0.0502,1533.7423,17.6800,1480.9987,862.4630,10364.7762,189.5465,73.9402,0.0360,309.2475,4.0358,26.3557,0.0696,0.0490,81.4594,92.1502,51.2641,24.5629
75,1.0000,1.1119,0.0094,1.2234,0.7517,1.0221,0.0138,0.7203,0.1399,0.1274,0.0008,0.2421,0.0190,0.0502,1533.7423,17.6800,1480.9987,862.4630,10364.7762,189.5465,73.9402,0.0360,309.2475,4.0358,26.3557,0.0696,0.0490,81.4594,92.1502,51.2641,24.5629
76,1.0000,1.1119,0.0094,1.2234,0.7517,1.0221,0.0138,0.7203,0.1399,0.1274,0.0008,0.2421,0.0190,0.0502,1533.7423,17.6800,1480.9987,862.4630,10364.7762,189.5465,73.9402,0.0360,309.2475,4.0358,26.3557,0.0696,0.0490,81.4594,92.1502,51.2641,24.5629
77,1.0000,1.1119,0.0094,1.2234,0.7517,1.0221,0.0138,0.7203,0.1399,0.1274,0.0008,0.2421,0.0190,0.0502,1533.7423,17.6800,1480.9987,862.4630,10364.7762,189.5465,73.9402,0.0360,309.2475,4.0358,26.3557,0.0696,0.0490,81.4594,92.1502,51.2641,24.5629
78,1.0000,1.1119,0.0094,1.2234,0.7517,1.0221,0.0138,0.7203,0.1399,0.1274,0.0008,0.2421,0.0190,0.0502,1533.7423,17.6800,1480.9987,862.4630,10364.7762,189.5465,73.9402,0.0360,309.2475,4.0358,26.3557,0.0696,0.0490,81.4594,92.1502,51.2641,24.5629
79,1.0000,1.1119,0.0094,1.2234,0.7517,1.0221,0.0138,0.7203,0.1399,0.1274,0.0008,0.2421,0.0190,0.0502,1533.7423,17.6800,1480.9987,862.4630,10364.7762,189.5465,73.9402,0.0360,309.2475,4.0358,26.3557,0.0696,0.0490,81.4594,92.1502,51.2641,24.5629
80,1.0000,1.1119,0.0094,1.2234,0.7517,1.0221,0.0138,0.7203,0.1399,0.1274,0.0008,0.2421,0.0190,0.0502,1533.7423,17.6800,1480.9987,862.4630,10364.7762,189.5465,73.9402,0.0360,309.2475,4.0358,26.3557,0.0696,0.0490,81.4594,92.1502,51.2641,24.5629
81,1.0000,1.1119,0.0094,1.2234,0.7517,1.0221,0.0138,0.7203,0.1399,0.1274,0.0008,0.2421,0.0190,0.0502,1533.7423,17.6800,1480.9987,862.4630,10364.7762,189.5465,73.9402,0.0360,309.2475,4.0358,26.3557,0.0696,0.0490,81.4594,92.1502,51.2641,24.5629
82,1.0000,1.1119,0.0094,1.2234,0.7517,1.0221,0.0138,0.7203,0.1399,0.1274,0.0008,0.2421,0.0190,0.0502,1533.7423,17.6800,1480.9987,862.4630,10364.7762,189.5465,73.9402,0.0360,309.2475,4.0358,26.3557,0.0696,0.0490,81.4594,92.1502,51.2641,24.5629
83,1.0000,1.1119,0.0094,1.2234,0.7517,1.0221,0.0138,0.7203,0.1399,0.1274,0.0008,0.2421,0.0190,0.0502,1533.7423,17.6800,1480.9987,862.4630,10364.7762,189.5465,73.9402,0.0360,309.2475,4.0358,26.3557,0.0696,0.0490,81.4594,92.1502,51.2641,24.5629
84,1.0000,1.1119,0.0094,1.2234,0.7517,1.0221,0.0138,0.7203,0.1399,0.1274,0.0008,0.2421,0.0190,0.0502,1533.7423,17.6800,1480.9987,862.4630,10364.7762,189.5465,73.9402,0.0360,309.2475,4.0358,26.3557,0.0696,0.0490,81.4594,92.1502,51.2641,24.5629
85,1.0000,1.1119,0.0094,1.2234,0.7517,1.0221,0.0138,0.7203,0.1399,0.1274,0.0008,0.2421,0.0190,0.0502,1533.7423,17.6800,1480.9987,862.4630,10364.7762,189.5465,73.9402,0.0360,309.2475,4.0358,26.3557,0.0696,0.0490,81.4594,92.1502,51.2641,24.5629
86,1.0000,1.1119,0.0094,1.2234,0.7517,1.0221,0.0138,0.7203,0.1399,0.1274,0.0008,0.2421,0.0190,0.0502,1533.7423,17.6800,1480.9987,862.4630,10364.7762,189.5465,73.9402,0.0360,309.2475,4.0358,26.3557,0.0696,0.0490,81.4594,92.1502,51.2641,24.5629
87,1.0000,1.1119,0.0094,1.2234,0.7517,1.0221,0.0138,0.7203,0.1399,0.1274,0.0008,0.2421,0.0190,0.0502,1533.7423,17.6800,1480.9987,862.4630,10364.7762,189.5465,73.9402,0.0360,309.2475,4.0358,26.3557,0.0696,0.0490,81.4594,92.1502,51.2641,24.5629
88,1.0000,1.1119,0.0094,1.2234,0.7517,1.0221,0.0138,0.7203,0.1399,0.1274,0.0008,0.2421,0.0190,0.0502,1533.7423,17.6800,1480.9987,862.4630,10364.7762,189.5465,73.9402,0.0360,309.2475,4.0358,26.3557,0.0696,0.0490,81.4594,92.1502,51.2641,24.5629
89,1.0000,1.1119,0.0094,1.2234,0.7517,1.0221,0.0138,0.7203,0.1399,0.1274,0.0008,0.2421,0.0190,0.0502,1533.7423,17.6800,1480.9987,862.4630,10364.7762,189.5465,73.9402,0.0360,309.2475,4.0358,26.3557,0.0696,0.0490,81.4594,92.1502,51.2641,24.5629
90,1.0000,1.1119,0.0094,1.2234,0.7517,1.0221,0.0138,0.7203,0.1399,0.1274,0.0008,0.2421,0.0190,0.0502,1533.7423,17.6800,1480.9987,862.4630,10364.7762,189.5465,73.9402,0.0360,309.2475,4.0358,26.3557,0.0696,0.0490,81.4594,92.1502,51.2641,24.5629
91,1.0000,1.1119,0.0094,1.2234,0.7517,1.0221,0.0138,0.7203,0.1399,0.1274,0.0008,0.2421,0.0190,0.0502,1533.7423,17.6800,1480.9987,862.4630,10364.7762,189.5465,73.9402,0.0360,309.2475,4.0358,26.3557,0.0696,0.0490,81.4594,92.1502,51.2641,24.5629
92,1.0000,1.1119,0.0094,1.2234,0.7517,1.0221,0.0138,0.7203,0.1399,0.1274,0.0008,0.2421,0.0190,0.0502,1533.7423,17.6800,1480.9987,862.4630,10364.7762,189.5465,73.9402,0.0360,309.2475,4.0358,26.3557,0.0696,0.0490,81.4594,92.1502,51.2641,24.5629
93,1.0000,1.1119,0.0094,1.2234,0.7517,1.0221,0.0138,0.7203,0.1399,0.1274,0.0008,0.2421,0.0190,0.0502,1533.7423,17.6800,1480.9987,862.4630,10364.7762,189.5465,73.9402,0.0360,309.2475,4.0358,26.3557,0.0696,0.0490,81.4594,92.1502,51.2641,24.5629
94,1.0000,1.1119,0.0094,1.2234,0.7517,1.0221,0.0138,0.7203,0.1399,0.1274,0.0008,0.2421,0.0190,0.0502,1533.7423,17.6800,1480.9987,862.4630,10364.7762,189.5465,73.9402,0.0360,309.2475,4.0358,26.3557,0.0696,0.0490,81.4594,92.1502,51.2641,24.5629
95,1.0000,1.1119,0.0094,1.2234,0.7517,1.0221,0.0138,0.7203,0.1399,0.1274,0.0008,0.2421,0.0190,0.0502,1533.7423,17.6800,1480.9987,862.4630,10364.7762,189.5465,73.9402,0.0360,309.2475,4.0358,26.3557,0.0696,0.0490,81.4594,92.1502,51.2641,24.5629
96,1.0000,1.1119,0.0094,1.2234,0.7517,1.0221,0.0138,0.7203,0.1399,0.1274,0.0008,0.2421,0.0190,0.0502,1533.7423,17.6800,1480.9987,862.4630,10364.7762,189.5465,73.9402,0.0360,309.2475,4.0358,26.3557,0.0696,0.0490,81.4594,92.1502,51.2641,24.5629
97,1.0000,1.1119,0.0094,1.2234,0.7517,1.0221,0.0138,0.7203,0.1399,0.1274,0.0008,0.2421,0.0190,0.0502,1533.7423,17.6800,1480.9987,862.4630,10364.7762,189.5465,73.9402,0.0360,309.2475,4.0358,26.3557,0.0696,0.0490,81.4594,92.1502,51.2641,24.5629
98,1.0000,1.1119,0.0094,1.2234,0.7517,1.0221,0.0138,0.7203,0.1399,0.1274,0.0008,0.2421,0.0190,0.0502,1533.7423,17.6800,1480.9987,862.4630,10364.7762,189.5465,73.9402,0.0360,309.2475,4.0358,26.3557,0.0696,0.0490,81.4594,92.1502,51.2641,24.5629
99,1.0000,1.1119,0.0094,1.2234,0.7517,1.0221,0.0138,0.7203,0.1399,0.1274,0.0008,0.2421,0.0190,0.0502,1533.7423,17.6800,1480.9987,862.4630,10364.7762,189.5465,73.9402,0.0360,309.2475,4.0358,26.3557,0.0696,0.0490,81.4594,92.1502,51.2641,24.5629
100,1.0000,1.1119,0.0094,1.2234,0.7517,1.0221,0.0138,0.7203,0.1399,0.1274,0.0008,0.2421,0.0190,0.0502,1533.7423,17.6800,1480.9987,862.4630,10364.7762,189.5465,73.9402,0.0360,309.2475,4.0358,26.3557,0.0696,0.0490,81.4594,92.1502,51.2641,24.5629
101,1.0000,1.1119,0.0094,1.2234,0.7517,1.0221,0.0138,0.7203,0.1399,0.1274,0.0008,0.2421,0.0190,0.0502,1533.7423,17.6800,1480.9987,862.4630,10364.7762,189.5465,73.9402,0.0360,309.2475,4.0358,26.3557,0.0696,0.0490,81.4594,92.1502,51.2641,24.5629
102,1.0000,1.1119,0.0094,1.2234,0.7517,1.0221,0.0138,0.7203,0.1399,0.1274,0.0008,0.2421,0.0190,0.0502,1533.7423,17.6800,1480.9987,862.4630,10364.7762,189.5465,73.9402,0.0360,309.2475,4.0358,26.3557,0.0696,0.0490,81.4594,92.1502,51.2641,24.5629
103,1.0000,1.1119,0.0094,1.2234,0.7517,1.0221,0.0138,0.7203,0.1399,0.1274,0.0008,0.2421,0.0190,0.0502,1533.7423,17.6800,1480.9987,862.4630,10364.7762,189.5465,73.9402,0.0360,309.2475,4.0358,26.3557,0.0696,0.0490,81.4594,92.1502,51.2641,24.5629
104,1.0000,1.1119,0.0094,1.2234,0.7517,1.0221,0.0138,0.7203,0.1399,0.1274,0.0008,0.2421,0.0190,0.0502,1533.7423,17.6800,1480.9987,862.4630,10364.7762,189.5465,73.9402,0.0360,309.2475,4.0358,26.3557,0.0696,0.0490,81.4594,92.1502,51.2641,24.5629
105,1.0000,1.1119,0.0094,1.2234,0.7517,1.0221,0.0138,0.7203,0.1399,0.1274,0.0008,0.2421,0.0190,0.0502,1533.7423,17.6800,1480.9987,862.4630,10364.7762,189.5465,73.9402,0.0360,309.2475,4.0358,26.3557,0.0696,0.0490,81.4594,92.1502,51.2641,24.5629
106,1.0000,1.1119,0.0094,1.2234,0.7516,1.0222,0.0138,0.7202,0.1399,0.1274,0.0008,0.2420,0.0190,0.0502,1533.7423,17.6900,1480.9987,862.4630,10364.7762,189.5465,73.9402,0.0360,309.2475,4.0358,26.3557,0.0696,0.0490,81.4594,92.1502,51.2641,24.5629
107,1.0000,1.1119,0.0094,1.2234,0.7517,1.0221,0.0138,0.7203,0.1399,0.1274,0.0008,0.2421,0.0190,0.0502,1533.7423,17.6800,1480.9987,862.4630,10364.7762,189.5465,73.9402,0.0360,309.2475,4.0358,26.3557,0.0696,0.0490,81.4594,92.1502,51.2641,24.5629
108,1.0000,1.1119,0.0094,1.2234,0.7517,1.0221,0.0138,0.7203,0.1399,0.1274,0.0008,0.2421,0.0190,0.0502,1533.7423,17.6800,1480.9987,862.4630,10364.7762,189.5465,73.9402,0.0360,309.2475,4.0358,26.3557,0.0696,0.0490,81.4594,92.1502,51.2641,24.5629
109,1.0000,1.1119,0.0094,1.2234,0.7517,1.0221,0.0138,0.7203,0.1399,0.1274,0.0008,0.2421,0.0190,0.0502,1533.7423,17.6800,1480.9987,862.4630,10364.7762,189.5465,73.9402,0.0360,309.2475,4.0358,26.3557,0.0696,0.0490,81.4594,92.1502,51.2641,24.5629
110,1.0000,1.1119,0.0094,1.2234,0.7517,1.0221,0.0138,0.7203,0.1399,0.1274,0.0008,0.2421,0.0190,0.0502,1533.7423,17.6800,1480.9987,862.4630,10364.7762,189.5465,73.9402,0.0360,309.2475,4.0358,26.3557,0.0696,0.0490,81.4594,92.1502,51.2641,24.5629
111,1.0000,1.1119,0.0094,1.2234,0.7517,1.0221,0.0138,0.7203,0.1399,0.1274,0.0008,0.2421,0.0190,0.0502,1533.7423,17.6800,1480.9987,862.4630,10364.7762,189.5465,73.9402,0.0360,309.2475,4.0358,26.3557,0.0696,0.0490,81.4594,92.1502,51.2641,24.5629
112,1.0000,1.1119,0.0094,1.2234,0.7517,1.0221,0.0138,0.7203,0.1399,0.1274,0.0008,0.2421,0.0190,0.0502,1533.7423,17.6800,1480.9987,862.4630,10364.7762,189.5465,73.9402,0.0360,309.2475,4.0358,26.3557,0.0696,0.0490,81.4594,92.1502,51.2641,24.5629
113,1.0000,1.1119,0.0094,1.2234,0.7517,1.0221,0.0138,0.7203,0.1399,0.1274,0.0008,0.2421,0.0190,0.0502,1533.7423,17.6800,1480.9987,862.4630,10364.7762,189.5465,73.9402,0.0360,309.2475,4.0358,26.3557,0.0696,0.0490,81.4594,92.1502,51.2641,24.5629
114,1.0000,1.1119,0.0094,1.2234,0.7517,1.0221,0.0138,0.7203,0.1399,0.1274,0.0008,0.2421,0.0190,0.0502,1533.7423,17.6800,1480.9987,862.4630,10364.7762,189.5465,73.9402,0.0360,309.2475,4.0358,26.3557,0.0696,0.0490,81.4594,92.1502,51.2641,24.5629
115,1.0000,1.1119,0.0094,1.2234,0.7517,1.0221,0.0138,0.7203,0.1399,0.1274,0.0008,0.2421,0.0190,0.0502,1533.7423,17.6800,1480.9987,862.4630,10364.7762,189.5465,73.9402,0.0360,309.2475,4.0358,26.3557,0.0696,0.0490,81.4594,92.1502,51.2641,24.5629
116,1.0000,1.1119,0.0094,1.2234,0.7517,1.0221,0.0138,0.7203,0.1399,0.1274,0.0008,0.2421,0.0190,0.0502,1533.7423,17.6800,1480.9987,862.4630,10364.7762,189.5465,73.9402,0.0360,309.2475,4.0358,26.3557,0.0696,0.0490,81.4594,92.1502,51.2641,24.5629
117,1.0000,1.1119,0.0094,1.2234,0.7517,1.0221,0.0138,0.7203,0.1399,0.1274,0.0008,0.2421,0.0190,0.0502,1533.7423,17.6800,1480.9987,862.4630,10364.7762,189.5465,73.9402,0.0360,309.2475,4.0358,26.3557,0.0696,0.0490,81.4594,92.1502,51.2641,24.5629
118,1.0000,1.1119,0.0094,1.2234,0.7517,1.0221,0.0138,0.7203,0.1399,0.1274,0.0008,0.2421,0.0190,0.0502,1533.7423,17.6800,1480.9987,862.4630,10364.7762,189.5465,73.9402,0.0360,309.2475,4.0358,26.3557,0.0696,0.0490,81.4594,92.1502,51.2641,24.5629
119,1.0000,1.1119,0.0094,1.2234,0.7517,1.0221,0.0138,0.7203,0.1399,0.1274,0.0008,0.2421,0.0190,0.0502,1533.7423,17.6800,1480.9987,862.4630,10364.7762,189.5465,73.9402,0.0360,309.2475,4.0358,26.3557,0.0696,0.0490,81.4594,92.1502,51.2641,24.5629
120,1.0000,1.1119,0.0094,1.2234,0.7517,1.0221,0.0138,0.7203,0.1399,0.1274,0.0008,0.2421,0.0190,0.0502,1533.7423,17.6800,1480.9987,862.4630,10364.7762,189.5465,73.9402,0.0360,309.2475,4.0358,26.3557,0.0696,0.0490,81.4594,92.1502,51.2641,24.5629
121,1.0000,1.1119,0.0094,1.2234,0.7517,1.0221,0.0138,0.7203,0.1399,0.1274,0.0008,0.2421,0.0190,0.0502,1533.7423,17.6800,1480.9987,862.4630,10364.7762,189.5465,73.9402,0.0360,309.2475,4.0358,26.3557,0.0696,0.0490,81.4594,92.1502,51.2641,24.5629
122,1.0000,1.1119,0.0094,1.2234,0.7517,1.0221,0.0138,0.7203,0.1399,0.1274,0.0008,0.2421,0.0190,0.0502,1533.7423,17.6800,1480.9987,862.4630,10364.7762,189.5465,73.9402,0.0360,309.2475,4.0358,26.3557,0.0696,0.0490,81.4594,92.1502,51.2641,24.5629
123,1.0000,1.1119,0.0094,1.2234,0.7517,1.0221,0.0138,0.7203,0.1399,0.1274,0.0008,0.2421,0.0190,0.0502,1533.7423,17.6800,1480.9987,862.4630,10364.7762,189.5465,73.9402,0.0360,309.2475,4.0358,26.3557,0.0696,0.0490,81.4594,92.1502,51.2641,24.5629
124,1.0000,1.1119,0.0094,1.2234,0.7517,1.0221,0.0138,0.7203,0.1399,0.1274,0.0008,0.2421,0.0190,0.0502,1533.7423,17.6800,1480.9987,862.4630,10364.7762,189.5465,73.9402,0.0360,309.2475,4.0358,26.3557,0.0696,0.0490,81.4594,92.1502,51.2641,24.5629
125,1.0000,1.1119,0.0094,1.2234,0.7517,1.0221,0.0138,0.7203,0.1399,0.1274,0.0008,0.2421,0.0190,0.0502,1533.7423,17.6800,1480.9987,862.4630,10364.7762,189.5465,73.9402,0.0360,309.2475,4.0358,26.3557,0.0696,0.0490,81.4594,92.1502,51.2641,24.5629
126,1.0000,1.1119,0.0094,1.2234,0.7517,1.0221,0.0138,0.7203,0.1399,0.1274,0.0008,0.2421,0.0190,0.0502,1533.7423,17.6800,1480.9987,862.4630,10364.7762,189.5465,73.9402,0.0360,309.2475,4.0358,26.3557,0.0696,0.0490,81.4594,92.1502,51.2641,24.5629
127,1.0000,1.1119,0.0094,1.2234,0.7517,1.0221,0.0138,0.7203,0.1399,0.1274,0.0008,0.2421,0.0190,0.0502,1533.7423,17.6800,1480.9987,862.4630,10364.7762,189.5465,73.9402,0.0360,309.2475,4.0358,26.3557,0.0696,0.0490,81.4594,92.1502,51.2641,24.5629
128,1.0000,1.1119,0.0094,1.2234,0.7517,1.0221,0.0138,0.7203,0.1399,0.1274,0.0008,0.2421,0.0190,0.0502,1533.7423,17.6800,1480.9987,862.4630,10364.7762,189.5465,73.9402,0.0360,309.2475,4.0358,26.3557,0.0696,0.0490,81.4594,92.1502,51.2641,24.5629
129,1.0000,1.1119,0.0094,1.2234,0.7517,1.0221,0.0138,0.7203,0.1399,0.1274,0.0008,0.2421,0.0190,0.0502,1533.7423,17.6800,1480.9987,862.4630,10364.7762,189.5465,73.9402,0.0360,309.2475,4.0358,26.3557,0.0696,0.0490,81.4594,92.1502,51.2641,24.5629
130,1.0000,1.1119,0.0094,1.2234,0.7517,1.0221,0.0138,0.7203,0.1399,0.1274,0.0008,0.2421,0.0190,0.0502,1533.7423,17.6800,1480.9987,862.4630,10364.7762,189.5465,73.9402,0.0360,309.2475,4.0358,26.3557,0.0696,0.0490,81.4594,92.1502,51.2641,24.5629
131,1.0000,1.1119,0.0094,1.2234,0.7517,1.0221,0.0138,0.7203,0.1399,0.1274,0.0008,0.2421,0.0190,0.0502,1533.7423,17.6800,1480.9987,862.4630,10364.7762,189.5465,73.9402,0.0360,309.2475,4.0358,26.3557,0.0696,0.0490,81.4594,92.1502,51.2641,24.5629
132,1.0000,1.1119,0.0094,1.2234,0.7517,1.0221,0.0138,0.7203,0.1399,0.1274,0.0008,0.2421,0.0190,0.0502,1533.7423,17.6800,1480.9987,862.4630,10364.7762,189.5465,73.9402,0.0360,309.2475,4.0358,26.3557,0.0696,0.0490,81.4594,92.1502,51.2641,24.5629
133,1.0000,1.1119,0.0094,1.2234,0.7517,1.0221,0.0138,0.7203,0.1399,0.1274,0.0008,0.2421,0.0190,0.0502,1533.7423,17.6800,1480.9987,862.4630,10364.7762,189.5465,73.9402,0.0360,309.2475,4.0358,26.3557,0.0696,0.0490,81.4594,92.1502,51.2641,24.5629
134,1.0000,1.1119,0.0094,1.2234,0.7517,1.0221,0.0138,0.7203,0.1399,0.1274,0.0008,0.2421,0.0190,0.0502,1533.7423,17.6800,1480.9987,862.4630,10364.7762,189.5465,73.9402,0.0360,309.2475,4.0358,26.3557,0.0696,0.0490,81.4594,92.1502,51.2641,24.5629
135,1.0000,1.1119,0.0094,1.2234,0.7517,1.0221,0.0138,0.7203,0.1399,0.1274,0.0008,0.2421,0.0190,0.0502,1533.7423,17.6800,1480.9987,862.4630,10364.7762,189.5465,73.9402,0.0360,309.2475,4.0358,26.3557,0.0696,0.0490,81.4594,92.1502,51.2641,24.5629
136,1.0000,1.1119,0.0094,1.2234,0.7517,1.0221,0.0138,0.7203,0.1399,0.1274,0.0008,0.2421,0.0190,0.0502,1533.7423,17.6800,1480.9987,862.4630,10364.7762,189.5465,73.9402,0.0360,309.2475,4.0358,26.3557,0.0696,0.0490,81.4594,92.1502,51.2641,24.5629
137,1.0000,1.1119,0.0094,1.2234,0.7517,1.0221,0.0138,0.7203,0.1399,0.1274,0.0008,0.2421,0.0190,0.0502,1533.7423,17.6800,1480.9987,862.4630,10364.7762,189.5465,73.9402,0.0360,309.2475,4.0358,26.3557,0.0696,0.0490,81.4594,92.1502,51.2641,24.5629
138,1.0000,1.1119,0.0094,1.2234,0.7517,1.0221,0.0138,0.7203,0.1399,0.1274,0.0008,0.2421,0.0190,0.0502,1533.7423,17.6800,1480.9987,862.4630,10364.7762,189.5465,73.9402,0.0360,309.2475,4.0358,26.3557,0.0696,0.0490,81.4594,92.1502,51.2641,24.5629
139,1.0000,1.1119,0.0094,1.2234,0.7517,1.0221,0.0138,0.7203,0.1399,0.1274,0.0008,0.2421,0.0190,0.0502,1533.7423,17.6800,1480.9987,862.4630,10364.7762,189.5465,73.9402,0.0360,309.2475,4.0358,26.3557,0.0696,0.0490,81.4594,92.1502,51.2641,24.5629
140,1.0000,1.1119,0.0094,1.2234,0.7517,1.0221,0.0138,0.7203,0.1399,0.1274,0.0008,0.2421,0.0190,0.0502,1533.7423,17.6800,1480.9987,862.4630,10364.7762,189.5465,73.9402,0.0360,309.2475,4.0358,26.3557,0.0696,0.0490,81.4594,92.1502,51.2641,24.5629
141,1.0000,1.1119,0.0094,1.2234,0.7517,1.0221,0.0138,0.7203,0.1399,0.1274,0.0008,0.2421,0.0190,0.0502,1533.7423,17.6800,1480.9987,862.4630,10364.7762,189.5465,73.9402,0.0360,309.2475,4.0358,26.3557,0.0696,0.0490,81.4594,92.1502,51.2641,24.5629
142,1.0000,1.1119,0.0094,1.2234,0.7517,1.0221,0.0138,0.7203,0.1399,0.1274,0.0008,0.2421,0.0190,0.0502,1533.7423,17.6800,1480.9987,862.4630,10364.7762,189.5465,73.9402,0.0360,309.2475,4.0358,26.3557,0.0696,0.0490,81.4594,92.1502,51.2641,24.5629
143,1.0000,1.1119,0.0094,1.2234,0.7517,1.0221,0.0138,0.7203,0.1399,0.1274,0.0008,0.2421,0.0190,0.0502,1533.7423,17.6800,1480.9987,862.4630,10364.7762,189.5465,73.9402,0.0360,309.2475,4.0358,26.3557,0.0696,0.0490,81.4594,92.1502,51.2641,24.5629
144,1.0000,1.1119,0.0094,1.2234,0.7517,1.0221,0.0138,0.7203,0.1399,0.1274,0.0008,0.2421,0.0190,0.0502,1533.7423,17.6800,1480.9987,862.4630,10364.7762,189.5465,73.9402,0.0360,309.2475,4.0358,26.3557,0.0696,0.0490,81.4594,92.1502,51.2641,24.5629
145,1.0000,1.1119,0.0094,1.2234,0.7517,1.0221,0.0138,0.7203,0.1399,0.1274,0.0008,0.2421,0.0190,0.0502,1533.7423,17.6800,1480.9987,862.4630,10364.7762,189.5465,73.9402,0.0360,309.2475,4.0358,26.3557,0.0696,0.0490,81.4594,92.1502,51.2641,24.5629
146,1.0000,1.1119,0.0094,1.2234,0.7517,1.0221,0.0138,0.7203,0.1399,0.1274,0.0008,0.2421,0.0190,0.0502,1533.7423,17.6800,1480.9987,862.4630,10364.7762,189.5465,73.9402,0.0360,309.2475,4.0358,26.3557,0.0696,0.0490,81.4594,92.1502,51.2641,24.5629
147,1.0000,1.1119,0.0094,1.2234,0.7516,1.0222,0.0138,0.7202,0.1399,0.1274,0.0008,0.2420,0.0190,0.0502,1533.7423,17.6900,1480.9987,862.4630,10364.7762,189.5465,73.9402,0.0360,309.2475,4.0358,26.3557,0.0696,0.0490,81.4594,92.1502,51.2641,24.5629
148,1.0000,1.1119,0.0094,1.2234,0.7517,1.0221,0.0138,0.7203,0.1399,0.1274,0.0008,0.2421,0.0190,0.0502,1533.7423,17.6800,1480.9987,862.4630,10364.7762,189.5465,73.9402,0.0360,309.2475,4.0358,26.3557,0.0696,0.0490,81.4594,92.1502,51.2641,24.5629
149,1.0000,1.1119,0.0094,1.2234,0.7517,1.0221,0.0138,0.7203,0.1399,0.1274,0.0008,0.2421,0.0190,0.0502,1533.7423,17.6800,1480.9987,862.4630,10364.7762,189.5465,73.9402,0.0360,309.2475,4.0358,26.3557,0.0696,0.0490,81.4594,92.1502,51.2641,24.5629
150,1.0000,1.1119,0.0094,1.2234,0.7517,1.0221,0.0138,0.7203,0.1399,0.1274,0.0008,0.2421,0.0190,0.0502,1533.7423,17.6800,1480.9987,862.4630,10364.7762,189.5465,73.9402,0.0360,309.2475,4.0358,26.3557,0.0696,0.0490,81.4594,92.1502,51.2641,24.5629
151,1.0000,1.1119,0.0094,1.2234,0.7517,1.0221,0.0138,0.7203,0.1399,0.1274,0.0008,0.2421,0.0190,0.0502,1533.7423,17.6800,1480.9987,862.4630,10364.7762,189.5465,73.9402,0.0360,309.2475,4.0358,26.3557,0.0696,0.0490,81.4594,92.1502,51.2641,24.5629
152,1.0000,1.1119,0.0094,1.2234,0.7517,1.0221,0.0138,0.7203,0.1399,0.1274,0.0008,0.2421,0.0190,0.0502,1533.7423,17.6800,1480.9987,862.4630,10364.7762,189.5465,73.9402,0.0360,309.2475,4.0358,26.3557,0.0696,0.0490,81.4594,92.1502,51.2641,24.5629
153,1.0000,1.1119,0.0094,1.2234,0.7517,1.0221,0.0138,0.7203,0.1399,0.1274,0.0008,0.2421,0.0190,0.0502,1533.7423,17.6800,1480.9987,862.4630,10364.7762,189.5465,73.9402,0.0360,309.2475,4.0358,26.3557,0.0696,0.0490,81.4594,92.1502,51.2641,24.5629
154,1.0000,1.1119,0.0094,1.2234,0.7517,1.0221,0.0138,0.7203,0.1399,0.1274,0.0008,0.2421,0.0190,0.0502,1533.7423,17.6800,1480.9987,862.4630,10364.7762,189.5465,73.9402,0.0360,309.2475,4.0358,26.3557,0.0696,0.0490,81.4594,92.1502,51.2641,24.5629
155,1.0000,1.1119,0.0094,1.2234,0.7517,1.0221,0.0138,0.7203,0.1399,0.1274,0.0008,0.2421,0.0190,0.0502,1533.7423,17.6800,1480.9987,862.4630,10364.7762,189.5465,73.9402,0.0360,309.2475,4.0358,26.3557,0.0696,0.0490,81.4594,92.1502,51.2641,24.5629
156,1.0000,1.1119,0.0094,1.2234,0.7517,1.0221,0.0138,0.7203,0.1399,0.1274,0.0008,0.2421,0.0190,0.0502,1533.7423,17.6800,1480.9987,862.4630,10364.7762,189.5465,73.9402,0.0360,309.2475,4.0358,26.3557,0.0696,0.0490,81.4594,92.1502,51.2641,24.5629
157,1.0000,1.1119,0.0094,1.2234,0.7517,1.0221,0.0138,0.7203,0.1399,0.1274,0.0008,0.2421,0.0190,0.0502,1533.7423,17.6800,1480.9987,862.4630,10364.7762,189.5465,73.9402,0.0360,309.2475,4.0358,26.3557,0.0696,0.0490,81.4594,92.1502,51.2641,24.5629
158,1.0000,1.1119,0.0094,1.2234,0.7517,1.0221,0.0138,0.7203,0.1399,0.1274,0.0008,0.2421,0.0190,0.0502,1533.7423,17.6800,1480.9987,862.4630,10364.7762,189.5465,73.9402,0.0360,309.2475,4.0358,26.3557,0.0696,0.0490,81.4594,92.1502,51.2641,24.5629
159,1.0000,1.1119,0.0094,1.2234,0.7517,1.0221,0.0138,0.7203,0.1399,0.1274,0.0008,0.2421,0.0190,0.0502,1533.7423,17.6800,1480.9987,862.4630,10364.7762,189.5465,73.9402,0.0360,309.2475,4.0358,26.3557,0.0696,0.0490,81.4594,92.1502,51.2641,24.5629
160,1.0000,1.1119,0.0094,1.2234,0.7517,1.0221,0.0138,0.7203,0.1399,0.1274,0.0008,0.2421,0.0190,0.0502,1533.7423,17.6800,1480.9987,862.4630,10364.7762,189.5465,73.9402,0.0360,309.2475,4.0358,26.3557,0.0696,0.0490,81.4594,92.1502,51.2641,24.5629
161,1.0000,1.1119,0.0094,1.2234,0.7517,1.0221,0.0138,0.7203,0.1399,0.1274,0.0008,0.2421,0.0190,0.0502,1533.7423,17.6800,1480.9987,862.4630,10364.7762,189.5465,73.9402,0.0360,309.2475,4.0358,26.3557,0.0696,0.0490,81.4594,92.1502,51.2641,24.5629
162,1.0000,1.1119,0.0094,1.2234,0.7517,1.0221,0.0138,0.7203,0.1399,0.1274,0.0008,0.2421,0.0190,0.0502,1533.7423,17.6800,1480.9987,862.4630,10364.7762,189.5465,73.9402,0.0360,309.2475,4.0358,26.3557,0.0696,0.0490,81.4594,92.1502,51.2641,24.5629
163,1.0000,1.1119,0.0094,1.2234,0.7517,1.0221,0.0138,0.7203,0.1399,0.1274,0.0008,0.2421,0.0190,0.0502,1533.7423,17.6800,1480.9987,862.4630,10364.7762,189.5465,73.9402,0.0360,309.2475,4.0358,26.3557,0.0696,0.0490,81.4594,92.1502,51.2641,24.5629
164,1.0000,1.1119,0.0094,1.2234,0.7517,1.0221,0.0138,0.7203,0.1399,0.1274,0.0008,0.2421,0.0190,0.0502,1533.7423,17.6800,1480.9987,862.4630,10364.7762,189.5465,73.9402,0.0360,309.2475,4.0358,26.3557,0.0696,0.0490,81.4594,92.1502,51.2641,24.5629
165,1.0000,1.1119,0.0094,1.2234,0.7517,1.0221,0.0138,0.7203,0.1399,0.1274,0.0008,0.2421,0.0190,0.0502,1533.7423,17.6800,1480.9987,862.4630,10364.7762,189.5465,73.9402,0.0360,309.2475,4.0358,26.3557,0.0696,0.0490,81.4594,92.1502,51.2641,24.5629
166,1.0000,1.1119,0.0094,1.2234,0.7517,1.0221,0.0138,0.7203,0.1399,0.1274,0.0008,0.2421,0.0190,0.0502,1533.7423,17.6800,1480.9987,862.4630,10364.7762,189.5465,73.9402,0.0360,309.2475,4.0358,26.3557,0.0696,0.0490,81.4594,92.1502,51.2641,24.5629
167,1.0000,1.1119,0.0094,1.2234,0.7517,1.0221,0.0138,0.7203,0.1399,0.1274,0.0008,0.2421,0.0190,0.0502,1533.7423,17.6800,1480.9987,862.4630,10364.7762,189.5465,73.9402,0.0360,309.2475,4.0358,26.3557,0.0696,0.0490,81.4594,92.1502,51.2641,24.5629
168,1.0000,1.1119,0.0094,1.2234,0.7517,1.0221,0.0138,0.7203,0.1399,0.1274,0.0008,0.2421,0.0190,0.0502,1533.7423,17.6800,1480.9987,862.4630,10364.7762,189.5465,73.9402,0.0360,309.2475,4.0358,26.3557,0.0696,0.0490,81.4594,92.1502,51.2641,24.5629
169,1.0000,1.1119,0.0094,1.2234,0.7517,1.0221,0.0138,0.7203,0.1399,0.1274,0.0008,0.2421,0.0190,0.0502,1533.7423,17.6800,1480.9987,862.4630,10364.7762,189.5465,73.9402,0.0360,309.2475,4.0358,26.3557,0.0696,0.0490,81.4594,92.1502,51.2641,24.5629
170,1.0000,1.1119,0.0094,1.2234,0.7517,1.0221,0.0138,0.7203,0.1399,0.1274,0.0008,0.2421,0.0190,0.0502,1533.7423,17.6800,1480.9987,862.4630,10364.7762,189.5465,73.9402,0.0360,309.2475,4.0358,26.3557,0.0696,0.0490,81.4594,92.1502,51.2641,24.5629
171,1.0000,1.1119,0.0094,1.2234,0.7517,1.0221,0.0138,0.7203,0.1399,0.1274,0.0008,0.2421,0.0190,0.0502,1533.7423,17.6800,1480.9987,862.4630,10364.7762,189.5465,73.9402,0.0360,309.2475,4.0358,26.3557,0.0696,0.0490,81.4594,92.1502,51.2641,24.5629
172,1.0000,1.1119,0.0094,1.2234,0.7517,1.0221,0.0138,0.7203,0.1399,0.1274,0.0008,0.2421,0.0190,0.0502,1533.7423,17.6800,1480.9987,862.4630,10364.7762,189.5465,73.9402,0.0360,309.2475,4.0358,26.3557,0.0696,0.0490,81.4594,92.1502,51.2641,24.5629
173,1.0000,1.1119,0.0094,1.2234,0.7517,1.0221,0.0138,0.7203,0.1399,0.1274,0.0008,0.2421,0.0190,0.0502,1533.7423,17.6800,1480.9987,862.4630,10364.7762,189.5465,73.9402,0.0360,309.2475,4.0358,26.3557,0.0696,0.0490,81.4594,92.1502,51.2641,24.5629
174,1.0000,1.1119,0.0094,1.2234,0.7517,1.0221,0.0138,0.7203,0.1399,0.1274,0.0008,0.2421,0.0190,0.0502,1533.7423,17.6800,1480.9987,862.4630,10364.7762,189.5465,73.9402,0.0360,309.2475,4.0358,26.3557,0.0696,0.0490,81.4594,92.1502,51.2641,24.5629
175,1.0000,1.1119,0.0094,1.2234,0.7517,1.0221,0.0138,0.7203,0.1399,0.1274,0.0008,0.2421,0.0190,0.0502,1533.7423,17.6800,1480.9987,862.4630,10364.7762,189.5465,73.9402,0.0360,309.2475,4.0358,26.3557,0.0696,0.0490,81.4594,92.1502,51.2641,24.5629
176,1.0000,1.1119,0.0094,1.2234,0.7517,1.0221,0.0138,0.7203,0.1399,0.1274,0.0008,0.2421,0.0190,0.0502,1533.7423,17.6800,1480.9987,862.4630,10364.7762,189.5465,73.9402,0.0360,309.2475,4.0358,26.3557,0.0696,0.0490,81.4594,92.1502,51.2641,24.5629
177,1.0000,1.1119,0.0094,1.2234,0.7516,1.0222,0.0138,0.7202,0.1399,0.1274,0.0008,0.2420,0.0190,0.0502,1533.7423,17.6900,1480.9987,862.4630,10364.7762,189.5465,73.9402,0.0360,309.2475,4.0358,26.3557,0.0696,0.0490,81.4594,92.1502,51.2641,24.5629
178,1.0000,1.1119,0.0094,1.2234,0.7517,1.0221,0.0138,0.7203,0.1399,0.1274,0.0008,0.2421,0.0190,0.0502,1533.7423,17.6800,1480.9987,862.4630,10364.7762,189.5465,73.9402,0.0360,309.2475,4.0358,26.3557,0.0696,0.0490,81.4594,92.1502,51.2641,24.5629
179,1.0000,1.1119,0.0094,1.2234,0.7517,1.0221,0.0138,0.7203,0.1399,0.1274,0.0008,0.2421,0.0190,0.0502,1533.7423,17.6800,1480.9987,862.4630,10364.7762,189.5465,73.9402,0.0360,309.2475,4.0358,26.3557,0.0696,0.0490,81.4594,92.1502,51.2641,24.5629
180,1.0000,1.1119,0.0094,1.2234,0.7517,1.0221,0.0138,0.7203,0.1399,0.1274,0.0008,0.2421,0.0190,0.0502,1533.7423,17.6800,1480.9987,862.4630,10364.7762,189.5465,73.9402,0.0360,309.2475,4.0358,26.3557,0.0696,0.0490,81.4594,92.1502,51.2641,24.5629
181,1.0000,1.1119,0.0094,1.2234,0.7517,1.0221,0.0138,0.7203,0.1399,0.1274,0.0008,0.2421,0.0190,0.0502,1533.7423,17.6800,1480.9987,862.4630,10364.7762,189.5465,73.9402,0.0360,309.2475,4.0358,26.3557,0.0696,0.0490,81.4594,92.1502,51.2641,24.5629
182,1.0000,1.1119,0.0094,1.2234,0.7516,1.0222,0.0138,0.7202,0.1399,0.1274,0.0008,0.2420,0.0190,0.0502,1533.7423,17.6900,1480.9987,862.4630,10364.7762,189.5465,73.9402,0.0360,309.2475,4.0358,26.3557,0.0696,0.0490,81.4594,92.1502,51.2641,24.5629
183,1.0000,1.1119,0.0094,1.2234,0.7517,1.0221,0.0138,0.7203,0.1399,0.1274,0.0008,0.2421,0.0190,0.0502,1533.7423,17.6800,1480.9987,862.4630,10364.7762,189.5465,73.9402,0.0360,309.2475,4.0358,26.3557,0.0696,0.0490,81.4594,92.1502,51.2641,24.5629
184,1.0000,1.1119,0.0094,1.2234,0.7517,1.0221,0.0138,0.7203,0.1399,0.1274,0.0008,0.2421,0.0190,0.0502,1533.7423,17.6800,1480.9987,862.4630,10364.7762,189.5465,73.9402,0.0360,309.2475,4.0358,26.3557,0.0696,0.0490,81.4594,92.1502,51.2641,24.5629
185,1.0000,1.1119,0.0094,1.2234,0.7517,1.0221,0.0138,0.7203,0.1399,0.1274,0.0008,0.2421,0.0190,0.0502,1533.7423,17.6800,1480.9987,862.4630,10364.7762,189.5465,73.9402,0.0360,309.2475,4.0358,26.3557,0.0696,0.0490,81.4594,92.1502,51.2641,24.5629
186,1.0000,1.1119,0.0094,1.2234,0.7517,1.0221,0.0138,0.7203,0.1399,0.1274,0.0008,0.2421,0.0190,0.0502,1533.7423,17.6800,1480.9987,862.4630,10364.7762,189.5465,73.9402,0.0360,309.2475,4.0358,26.3557,0.0696,0.0490,81.4594,92.1502,51.2641,24.5629
187,1.0000,1.1119,0.0094,1.2234,0.7517,1.0221,0.0138,0.7203,0.1399,0.1274,0.0008,0.2421,0.0190,0.0502,1533.7423,17.6800,1480.9987,862.4630,10364.7762,189.5465,73.9402,0.0360,309.2475,4.0358,26.3557,0.0696,0.0490,81.4594,92.1502,51.2641,24.5629
188,1.0000,1.1119,0.0094,1.2234,0.7517,1.0221,0.0138,0.7203,0.1399,0.1274,0.0008,0.2421,0.0190,0.0502,1533.7423,17.6800,1480.9987,862.4630,10364.7762,189.5465,73.9402,0.0360,309.2475,4.0358,26.3557,0.0696,0.0490,81.4594,92.1502,51.2641,24.5629
189,1.0000,1.1119,0.0094,1.2234,0.7517,1.0221,0.0138,0.7203,0.1399,0.1274,0.0008,0.2421,0.0190,0.0502,1533.7423,17.6800,1480.9987,862.4630,10364.7762,189.5465,73.9402,0.0360,309.2475,4.0358,26.3557,0.0696,0.0490,81.4594,92.1502,51.2641,24.5629
190,1.0000,1.1119,0.0094,1.2234,0.7517,1.0221,0.0138,0.7203,0.1399,0.1274,0.0008,0.2421,0.0190,0.0502,1533.7423,17.6800,1480.9987,862.4630,10364.7762,189.5465,73.9402,0.0360,309.2475,4.0358,26.3557,0.0696,0.0490,81.4594,92.1502,51.2641,24.5629
191,1.0000,1.1119,0.0094,1.2234,0.7517,1.0221,0.0138,0.7203,0.1399,0.1274,0.0008,0.2421,0.0190,0.0502,1533.7423,17.6800,1480.9987,862.4630,10364.7762,189.5465,73.9402,0.0360,309.2475,4.0358,26.3557,0.0696,0.0490,81.4594,92.1502,51.2641,24.5629
192,1.0000,1.1119,0.0094,1.2234,0.7517,1.0221,0.0138,0.7203,0.1399,0.1274,0.0008,0.2421,0.0190,0.0502,1533.7423,17.6800,1480.9987,862.4630,10364.7762,189.5465,73.9402,0.0360,309.2475,4.0358,26.3557,0.0696,0.0490,81.4594,92.1502,51.2641,24.5629
193,1.0000,1.1119,0.0094,1.2234,0.7517,1.0221,0.0138,0.7203,0.1399,0.1274,0.0008,0.2421,0.0190,0.0502,1533.7423,17.6800,1480.9987,862.4630,10364.7762,189.5465,73.9402,0.0360,309.2475,4.0358,26.3557,0.0696,0.0490,81.4594,92.1502,51.2641,24.5629
194,1.0000,1.1119,0.0094,1.2234,0.7517,1.0221,0.0138,0.7203,0.1399,0.1274,0.0008,0.2421,0.0190,0.0502,1533.7423,17.6800,1480.9987,862.4630,10364.7762,189.5465,73.9402,0.0360,309.2475,4.0358,26.3557,0.0696,0.0490,81.4594,92.1502,51.2641,24.5629
195,1.0000,1.1119,0.0094,1.2234,0.7517,1.0221,0.0138,0.7203,0.1399,0.1274,0.0008,0.2421,0.0190,0.0502,1533.7423,17.6800,1480.9987,862.4630,10364.7762,189.5465,73.9402,0.0360,309.2475,4.0358,26.3557,0.0696,0.0490,81.4594,92.1502,51.2641,24.5629
196,1.0000,1.1119,0.0094,1.2234,0.7517,1.0221,0.0138,0.7203,0.1399,0.1274,0.0008,0.2421,0.0190,0.0502,1533.7423,17.6800,1480.9987,862.4630,10364.7762,189.5465,73.9402,0.0360,309.2475,4.0358,26.3557,0.0696,0.0490,81.4594,92.1502,51.2641,24.5629
197,1.0000,1.1119,0.0094,1.2234,0.7517,1.0221,0.0138,0.7203,0.1399,0.1274,0.0008,0.2421,0.0190,0.0502,1533.7423,17.6800,1480.9987,862.4630,10364.7762,189.5465,73.9402,0.0360,309.2475,4.0358,26.3557,0.0696,0.0490,81.4594,92.1502,51.2641,24.5629
198,1.0000,1.1119,0.0094,1.2234,0.7517,1.0221,0.0138,0.7203,0.1399,0.1274,0.0008,0.2421,0.0190,0.0502,1533.7423,17.6800,1480.9987,862.4630,10364.7762,189.5465,73.9402,0.0360,309.2475,4.0358,26.3557,0.0696,0.0490,81.4594,92.1502,51.2641,24.5629
199,1.0000,1.1119,0.0094,1.2234,0.7517,1.0221,0.0138,0.7203,0.1399,0.1274,0.0008,0.2421,0.0190,0.0502,1533.7423,17.6800,1480.9987,862.4630,10364.7762,189.5465,73.9402,0.0360,309.2475,4.0358,26.3557,0.0696,0.0490,81.4594,92.1502,51.2641,24.5629
200,1.0000,1.1119,0.0094,1.2234,0.7517,1.0221,0.0138,0.7203,0.1399,0.1274,0.0008,0.2421,0.0190,0.0502,1533.7423,17.6800,1480.9987,862.4630,10364.7762,189.5465,73.9402,0.0360,309.2475,4.0358,26.3557,0.0696,0.0490,81.4594,92.1502,51.2641,24.5629
201,1.0000,1.1119,0.0094,1.2234,0.7517,1.0221,0.0138,0.7203,0.1399,0.1274,0.0008,0.2421,0.0190,0.0502,1533.7423,17.6800,1480.9987,862.4630,10364.7762,189.5465,73.9402,0.0360,309.2475,4.0358,26.3557,0.0696,0.0490,81.4594,92.1502,51.2641,24.5629
202,1.0000,1.1119,0.0094,1.2234,0.7517,1.0221,0.0138,0.7203,0.1399,0.1274,0.0008,0.2421,0.0190,0.0502,1533.7423,17.6800,1480.9987,862.4630,10364.7762,189.5465,73.9402,0.0360,309.2475,4.0358,26.3557,0.0696,0.0490,81.4594,92.1502,51.2641,24.5629
203,1.0000,1.1119,0.0094,1.2234,0.7517,1.0221,0.0138,0.7203,0.1399,0.1274,0.0008,0.2421,0.0190,0.0502,1533.7423,17.6800,1480.9987,862.4630,10364.7762,189.5465,73.9402,0.0360,309.2475,4.0358,26.3557,0.0696,0.0490,81.4594,92.1502,51.2641,24.5629
204,1.0000,1.1119,0.0094,1.2234,0.7517,1.0221,0.0138,0.7203,0.1399,0.1274,0.0008,0.2421,0.0190,0.0502,1533.7423,17.6800,1480.9987,862.4630,10364.7762,189.5465,73.9402,0.0360,309.2475,4.0358,26.3557,0.0696,0.0490,81.4594,92.1502,51.2641,24.5629
205,1.0000,1.1119,0.0094,1.2234,0.7517,1.0221,0.0138,0.7203,0.1399,0.1274,0.0008,0.2421,0.0190,0.0502,1533.7423,17.6800,1480.9987,862.4630,10364.7762,189.5465,73.9402,0.0360,309.2475,4.0358,26.3557,0.0696,0.0490,81.4594,92.1502,51.2641,24.5629
